iter	Logloss
0	0.537790353
1	0.5150665283
2	0.5012436349
3	0.4892974418
4	0.4729678345
5	0.4682349941
6	0.4548266602
7	0.447777274
8	0.4388802665
9	0.4253286307
